BacklogID,Phase,Title,Owner,Priority,Dependencies,SourceEvidence,AffectedScreens,AffectedAPIs,AcceptanceTest
B0-01,Phase 0,Fix PrivilegeHelper — all 435 methods return false; remove 7 duplicate keys,Frontend,P0,None,src/react-components/utils/PrivilegeHelper.ts,All EMR screens,All EMR endpoints gated by privilege,EMR screens show/hide actions correctly per user role; tsc exits 0
B0-02,Phase 0,Restrict CORS to known origins (remove wildcard),Backend Security,P0,None,api/src/Server/Router.ts:36,All,All,Non-whitelisted origin returns 403; allowed origin receives 200
B0-03,Phase 0,Move Bearer token from localStorage to httpOnly cookie,Backend Security,P0,None,src/react-components/utils/api.ts:23,All (auth flow),All authenticated endpoints,Token not readable from document.cookie or JS; session still works
B0-04,Phase 0,Create api/.env from template with all required variables,DevOps,P0,None,api/ root directory,None (infrastructure),Application starts; /EMR/* routes respond,App starts successfully on port 2012; React dev server proxies to it
B0-05,Phase 0,Fix TypeScript compile errors (TS1117 x7 TS2393 x14 TS6133 x8),Frontend,P0,B0-01,src/react-components/utils/PrivilegeHelper.ts; src/main.tsx,All React components,None,tsc --noEmit --project tsconfig.app.json exits 0
B0-06,Phase 0,Fix React bridge nested value detection (deep clone),Frontend,P1,B0-05,src/reactBridge.tsx:24-67,All React components using nested props,None (bridge layer),In-place nested object mutation on AngularJS scope triggers React re-render
B0-07,Phase 0,Fix date timezone bug (-1 day in IST) in all React date fields,Frontend,P1,None,src/react-components/DoctorPrescribeFormScreen.tsx:75-94,Prescription form; all new EMR date fields,POST /EMR/AddPrescription POST /EMR/UpdatePrescription,PrescriptionDate and ReviewDate save and display the selected date (not minus one day) in Asia/Kolkata timezone
B0-08,Phase 0,Fix prescription action matrix — Save and Prescribe buttons always hidden,Frontend+Backend,P1,"B0-06, B0-07","src/react-components/DoctorPrescribeFormScreen.tsx:414; public/views/emr/registration/prescriptions/doctorprescribe-form.js:51,1163",patientemr.prescribetab,POST /EMR/AddPrescription POST /EMR/UpdatePrescription,Doctor with role=Doctor and statusId=0 sees Save button; statusId=3 sees Print/Cancel only; server rejects update for finalized prescription
B0-09,Phase 0,Add patient-scope authorization to all EMR Get* endpoints,Backend,P1,None,api/src/Server/Modules/EMR/Router/*.ts (all 97 files),All,All GET/list EMR endpoints,Clinician from Facility A cannot read records of patient registered at Facility B; returns 403
B1-01,Phase 1,Signed note lifecycle for PatientClinicalNotes (F10),Backend + DBA,P1,DB migration tested,api/src/Server/Modules/EMR/Business/PatientClinicalNotesBo.ts:10; Model/PatientClinicalNotes.Model.ts:8,patientemr.doctornotestab; patientemr.nursingnotestab,POST /EMR/SignPatientClinicalNote (NEW) POST /EMR/AmendPatientClinicalNote (NEW) POST /EMR/UpdatePatientClinicalNotes (modified),Signed note: UpdatePatientClinicalNotes returns 403; AmendPatientClinicalNote creates linked record with AmendmentOf FK; SignedContent preserved verbatim; concurrent sign returns conflict
B1-02,Phase 1,Enforce Rev concurrency check on all clinical record updates (F11),Backend,P1,B1-01,api/src/Server/Base/Business/BaseBo.ts (Update method),All EMR record types (Consultation Diagnosis Prescription Allergy),All POST /EMR/Update* endpoints,Two concurrent requests with same Rev: first succeeds (200); second returns 409 Conflict
B1-03,Phase 1,Patient context confirmation gate before high-impact actions,Frontend,P1,B0-06,src/reactBridge.tsx; all EMR React components,All EMR screens with create/update actions,POST /EMR/AddPrescription POST /EMR/AddPatientDiagnosis,Wrong-patient prescription shows confirmation modal; server cross-checks EncounterId against PatientId
B1-04,Phase 1,Allergy override audit — log when allergy warning overridden to prescribe,Backend,P1,B1-01,api/src/Server/Modules/EMR/Router/PrescriptionRoute.ts,patientemr.prescribetab,POST /EMR/AddPrescription POST /EMR/AddPrescriptionDetail,Override with known allergy creates audit record with OverrideBy/At/Reason; prescription still saves; audit visible in allergy screen
B1-05,Phase 1,Document ProgressNoteStatusId and PrescriptionStatusId enum values,Backend/DBA,P1,None,ReferenceValue table in DB,All consultation and prescription screens,All status-dependent endpoints,Enum table published in docs/hims-modernization-discovery/reference-enums.md; values match ConsultationBo.ts logic
B1-06,Phase 1,Clarify dual EMAR tables and consolidate if duplicate,Backend/DBA,P1,None,api/src/Server/Modules/EMR/Model/Emar.Model.ts; PatientEmar.Model.ts,patientemr.emartab,POST /EMR/AddEmar POST /EMR/AddPatientEmar,Single canonical EMAR source documented or intentional split documented with migration path
B1-07,Phase 1,Establish synthetic test harness — CI gates on core workflows (F13),QA Platform,P1,B0-05,api/src/Server/Modules/Registration/Router/PatientRoute.spec.ts (example); .github/workflows/sonarqube.yml,None (infrastructure),All EMR endpoints covered by spec tests,CI pipeline: type-check + build + spec tests pass on each commit; no live DB in automated tests
B2-01,Phase 2,Vital Signs React form + trend chart,Frontend,P1,"B0-06, B0-07",api/src/Server/Modules/EMR/Router/PatientVitalRoute.ts; Model/PatientVital.Model.ts,patientemr.patientvitaltab (4 states),POST /EMR/AddPatientVital POST /EMR/GetPatientVitals POST /EMR/ManagePatientVitals POST /EMR/PrintPatientVital,Entry saves; out-of-range values highlighted using ReferenceRangeFrom/To; trend chart renders; IST dates correct
B2-02,Phase 2,Allergy form + persistent banner component,Frontend,P1,"B0-06, B1-04",api/src/Server/Modules/EMR/Router/PatientAllergyRoute.ts; Model/PatientAllergy.Model.ts,patientemr.patientallergy; all EMR tabs (banner),POST /EMR/AddPatientAllergy POST /EMR/GetPatientAllergys POST /EMR/DeletePatientAllergy,Allergy banner visible on all EMR tabs when allergies exist; severity colour-coded; delete requires confirmation; override logged
B2-03,Phase 2,Diagnosis entry + history view,Frontend,P1,"B0-06, B0-07",api/src/Server/Modules/EMR/Router/PatientDiagnosisRoute.ts; Model/PatientDiagnosis.Model.ts,patientemr.diagnosistab (3 states),POST /EMR/AddPatientDiagnosis POST /EMR/GetPatientDiagnosis POST /EMR/UpdatePatientDiagnosis,ICD-10 code preserved; typeahead search works; history shows all encounters
B2-04,Phase 2,Prescription drug line items (React rows for PrescriptionDetail),Frontend,P1,B0-08,api/src/Server/Modules/EMR/Router/PrescriptionDetailRoute.ts; Model/PrescriptionDetail.Model.ts,patientemr.prescribetab.currentprescription (detail rows),POST /EMR/AddPrescriptionDetail POST /EMR/GetPrescriptionDetails POST /EMR/UpdatePrescriptionDetail,Drug entry saves; allergy context warning shown when drug matches known allergy; allergy not blocked (audit only)
B2-05,Phase 2,Clinical order entry form (React),Frontend,P1,B0-06,api/src/Server/Modules/EMR/Router/PatientOrderRoute.ts; Model/PatientOrder.Model.ts,patientemr.clinicalordertab (4 states),POST /EMR/AddPatientOrder POST /EMR/ManagePatientOrders,Order saves with OrderNumber; appears in ClinicalPendingOrdersListScreen; IsDirectBill behaviour verified
B2-06,Phase 2,Patient identity banner — persistent across all EMR tabs,Frontend,P1,B0-06,src/reactBridge.tsx; patientemr root state template,patientemr (root shell),None (display only),MRN/name/DOB/allergy alert visible on all EMR tabs; clears on patient context switch
B3-01,Phase 3,EMAR administration screen (dose/time/witness/omission reason),Frontend,P1,"B1-06, B1-02",api/src/Server/Modules/EMR/Router/EmarRoute.ts; Model/Emar.Model.ts,patientemr.emartab (2 states),POST /EMR/AddEmar POST /EMR/GetEmars,Administration records who/what/when; omissions require reason; due doses visible across shift handover
B3-02,Phase 3,Nursing shift handover view,Frontend,P2,B3-01,api/src/Server/Modules/EMR/Business/PatientClinicalNotesBo.ts,patientemr.nursingnotestab,POST /EMR/GetDailyNotes,Due doses remain visible and attributed across handover; handed-over notes show receiving nurse
B3-03,Phase 3,Intake/Output chart React,Frontend,P2,B0-06,api/src/Server/Modules/EMR/Router/IntakeOutputChartRoute.ts,patientemr.emrcharttab,POST /EMR/AddIntakeOutputChart POST /EMR/GetIntakeOutputCharts,I/O chart entries save; running totals displayed; no clinical calculation added
B3-04,Phase 3,Nursing notes editor React,Frontend,P2,"B0-06, B1-01",api/src/Server/Modules/EMR/Router/DailyNoteRoute.ts,patientemr.nursingnotestab,POST /EMR/AddDailyNote POST /EMR/UpdateDailyNote,Note saves; signed-note lifecycle from B1-01 applied; amendment creates linked record
B4-01,Phase 4,Longitudinal patient timeline (cross-encounter view),Frontend+Backend,P2,B2-01 through B2-06,New aggregate endpoint or frontend assembly,patientemr.emrdashboard,New: POST /EMR/GetPatientTimeline,Timeline shows encounters/diagnoses/prescriptions/notes/orders in date order; all 163 EMR states preserved; no data loss
B4-02,Phase 4,Specialty workflow governance (configurable activation per facility),Backend+DBA,P2,FacilityPreference system in SystemSettings,api/src/Server/Modules/SystemSettings/,All specialty EMR states (14 specialty groups),Facility preference endpoints,Dental/IVF/etc. tabs visible only when enabled for that facility; default=off for new facilities
B4-03,Phase 4,Dental tooth chart React migration,Frontend,P3,B4-02,api/src/Server/Modules/EMR/Router/PatientToothChartRoute.ts,patientemr.toothcharttab (2 states),POST /EMR/AddPatientToothChart POST /EMR/PrintPatientToothChart,Adult and paediatric tooth chart save; print endpoint works; visible only when Dental specialty enabled
B4-04,Phase 4,Physiotherapy treatment + modality React migration,Frontend,P3,B4-02,api/src/Server/Modules/EMR/Router/PhysiotheraphyTreatementRoute.ts,patientemr.physiotheraphytab (2 states),POST /EMR/AddPhysiotheraphyTreatement POST /EMR/GetPhysiotheraphyTreatements,Treatment records save; visible only when Physiotherapy enabled; B4-02 typo fix applied
B4-05,Phase 4,Country pack architecture — UAE and Nepal variants formally governed,Backend+Architecture,P3,"B0-02, B0-03",src/react-components/UaeBillingPaymentScreen.tsx; DrPaymentModifyNepalFormScreen.tsx,Country-specific billing/payment screens,Country-specific billing endpoints,Country pack cannot activate without required config + integration evidence + local review
